[{
    "Bulan Transaksi": "1",
    "Lokasi Toko": "Astoria",
    "Kategori Produk": "Packaged Chocolate",
    "Harga Rata-Rata": "10.27",
    "Total Penjualan": "154.11"
  }, {
    "Bulan Transaksi": "1",
    "Lokasi Toko": "Hell\u0027s Kitchen",
    "Kategori Produk": "Packaged Chocolate",
    "Harga Rata-Rata": "8.34",
    "Total Penjualan": "200.25"
  }, {
    "Bulan Transaksi": "1",
    "Lokasi Toko": "Lower Manhattan",
    "Kategori Produk": "Packaged Chocolate",
    "Harga Rata-Rata": "9.31",
    "Total Penjualan": "167.58"
  }, {
    "Bulan Transaksi": "2",
    "Lokasi Toko": "Astoria",
    "Kategori Produk": "Packaged Chocolate",
    "Harga Rata-Rata": "8.94",
    "Total Penjualan": "98.39"
  }, {
    "Bulan Transaksi": "2",
    "Lokasi Toko": "Hell\u0027s Kitchen",
    "Kategori Produk": "Packaged Chocolate",
    "Harga Rata-Rata": "8.94",
    "Total Penjualan": "143.05"
  }, {
    "Bulan Transaksi": "2",
    "Lokasi Toko": "Lower Manhattan",
    "Kategori Produk": "Packaged Chocolate",
    "Harga Rata-Rata": "8.73",
    "Total Penjualan": "209.58"
  }, {
    "Bulan Transaksi": "3",
    "Lokasi Toko": "Astoria",
    "Kategori Produk": "Packaged Chocolate",
    "Harga Rata-Rata": "10.15",
    "Total Penjualan": "131.98"
  }, {
    "Bulan Transaksi": "3",
    "Lokasi Toko": "Hell\u0027s Kitchen",
    "Kategori Produk": "Packaged Chocolate",
    "Harga Rata-Rata": "8.96",
    "Total Penjualan": "259.97"
  }, {
    "Bulan Transaksi": "3",
    "Lokasi Toko": "Lower Manhattan",
    "Kategori Produk": "Packaged Chocolate",
    "Harga Rata-Rata": "8.53",
    "Total Penjualan": "196.25"
  }, {
    "Bulan Transaksi": "4",
    "Lokasi Toko": "Astoria",
    "Kategori Produk": "Packaged Chocolate",
    "Harga Rata-Rata": "10.31",
    "Total Penjualan": "247.56"
  }, {
    "Bulan Transaksi": "4",
    "Lokasi Toko": "Hell\u0027s Kitchen",
    "Kategori Produk": "Packaged Chocolate",
    "Harga Rata-Rata": "8.48",
    "Total Penjualan": "313.83"
  }, {
    "Bulan Transaksi": "4",
    "Lokasi Toko": "Lower Manhattan",
    "Kategori Produk": "Packaged Chocolate",
    "Harga Rata-Rata": "9.17",
    "Total Penjualan": "311.82"
  }, {
    "Bulan Transaksi": "5",
    "Lokasi Toko": "Astoria",
    "Kategori Produk": "Packaged Chocolate",
    "Harga Rata-Rata": "9.88",
    "Total Penjualan": "276.76"
  }, {
    "Bulan Transaksi": "5",
    "Lokasi Toko": "Hell\u0027s Kitchen",
    "Kategori Produk": "Packaged Chocolate",
    "Harga Rata-Rata": "8.90",
    "Total Penjualan": "347.42"
  }, {
    "Bulan Transaksi": "5",
    "Lokasi Toko": "Lower Manhattan",
    "Kategori Produk": "Packaged Chocolate",
    "Harga Rata-Rata": "8.70",
    "Total Penjualan": "356.89"
  }, {
    "Bulan Transaksi": "6",
    "Lokasi Toko": "Astoria",
    "Kategori Produk": "Packaged Chocolate",
    "Harga Rata-Rata": "9.52",
    "Total Penjualan": "180.91"
  }, {
    "Bulan Transaksi": "6",
    "Lokasi Toko": "Hell\u0027s Kitchen",
    "Kategori Produk": "Packaged Chocolate",
    "Harga Rata-Rata": "8.35",
    "Total Penjualan": "434.22"
  }, {
    "Bulan Transaksi": "6",
    "Lokasi Toko": "Lower Manhattan",
    "Kategori Produk": "Packaged Chocolate",
    "Harga Rata-Rata": "9.42",
    "Total Penjualan": "377.0"
  }]